{
  "project_info": {
    "project_number": "916970241746",
    "firebase_url": "https://liviru-test-default-rtdb.asia-southeast1.firebasedatabase.app",
    "project_id": "liviru-test",
    "storage_bucket": "liviru-test.firebasestorage.app"
  },
  "client": [
    {
      "client_info": {
        "mobilesdk_app_id": "1:916970241746:android:d3ca67ef1508029bd8b70b",
        "android_client_info": {
          "package_name": "com.example.livi"
        }
      },
      "oauth_client": [],
      "api_key": [
        {
          "current_key": "AIzaSyDon50z2Gk-Tm4tIyK5bhhsUlxWdDBYapU"
        }
      ],
      "services": {
        "appinvite_service": {
          "other_platform_oauth_client": []
        }
      }
    },
    {
      "client_info": {
        "mobilesdk_app_id": "1:916970241746:android:5d854ee084be2b03d8b70b",
        "android_client_info": {
          "package_name": "com.mad.firebase_iot_test"
        }
      },
      "oauth_client": [],
      "api_key": [
        {
          "current_key": "AIzaSyDon50z2Gk-Tm4tIyK5bhhsUlxWdDBYapU"
        }
      ],
      "services": {
        "appinvite_service": {
          "other_platform_oauth_client": []
        }
      }
    }
  ],
  "configuration_version": "1"
}